customer_id,customer_name,gender,age,city,state
1001,Champak Vora,Female,38,Ahmedabad,Gujarat
1002,Sudiksha Loke,Male,43,Bengaluru,Karnataka
1003,Bhavini Lala,Male,64,Lucknow,Uttar Pradesh
1004,Tristan Dutt,Male,49,Jaipur,Rajasthan
1005,Adweta Solanki,Male,55,Mumbai,Maharashtra
1006,Sanya Khalsa,Male,62,Pune,Maharashtra
1007,Urvi Gole,Female,38,Chennai,Tamil Nadu
1008,Faraj Gade,Female,53,Bengaluru,Karnataka
1009,Kavya Sha,Female,21,Chennai,Tamil Nadu
1010,Jonathan Gill,Female,24,Bengaluru,Karnataka
1011,Krishna Vig,Female,62,Chennai,Tamil Nadu
1012,Odika Chandra,Male,44,Hyderabad,Telangana
1013,Anay Barad,Male,53,Chennai,Tamil Nadu
1014,Sai Bakshi,Female,47,Pune,Maharashtra
1015,Prisha Koshy,Male,26,Pune,Maharashtra
1016,Brinda Luthra,Male,54,Lucknow,Uttar Pradesh
1017,Isaiah Kumar,Female,58,Mumbai,Maharashtra
1018,Hema Sura,Male,41,Ahmedabad,Gujarat
1019,Yadavi Saraf,Female,53,Mumbai,Maharashtra
1020,Kashvi Halder,Male,20,Lucknow,Uttar Pradesh
1021,Warhi Shenoy,Male,37,Delhi,Delhi
1022,Pooja Mane,Female,32,Pune,Maharashtra
1023,Aditya Lall,Male,27,Hyderabad,Telangana
1024,Dayamai Rai,Male,45,Bengaluru,Karnataka
1025,Abhimanyu Anne,Male,33,Jaipur,Rajasthan
1026,Pooja Kunda,Female,42,Kolkata,West Bengal
1027,Charan Kapur,Female,64,Bengaluru,Karnataka
1028,Samarth Tata,Male,50,Hyderabad,Telangana
1029,Jackson Pau,Male,22,Pune,Maharashtra
1030,Alka Kurian,Female,62,Bengaluru,Karnataka
1031,Matthew Mistry,Female,18,Kolkata,West Bengal
1032,Aayush Dasgupta,Female,50,Hyderabad,Telangana
1033,Ikshita Trivedi,Female,41,Jaipur,Rajasthan
1034,Rishi Mallick,Female,46,Jaipur,Rajasthan
1035,Gautami Trivedi,Female,30,Ahmedabad,Gujarat
1036,Benjamin Badami,Female,24,Delhi,Delhi
1037,Nitara Garg,Female,42,Lucknow,Uttar Pradesh
1038,Triveni Gera,Male,27,Lucknow,Uttar Pradesh
1039,Baljiwan Mody,Male,22,Lucknow,Uttar Pradesh
1040,Harrison Sibal,Female,44,Jaipur,Rajasthan
1041,Charita Samra,Male,24,Delhi,Delhi
1042,Triveni Sharaf,Male,36,Chennai,Tamil Nadu
1043,Chaitanya Jayaraman,Male,40,Kolkata,West Bengal
1044,Vanya Lala,Female,20,Ahmedabad,Gujarat
1045,Jalsa Raj,Female,45,Chennai,Tamil Nadu
1046,Shivansh Karpe,Male,23,Chennai,Tamil Nadu
1047,Kevin Prakash,Male,61,Lucknow,Uttar Pradesh
1048,Raagini Jha,Male,45,Ahmedabad,Gujarat
1049,Jagrati Walia,Female,32,Jaipur,Rajasthan
1050,Harini Chatterjee,Male,49,Jaipur,Rajasthan
1051,Falan Konda,Female,43,Ahmedabad,Gujarat
1052,Finn Dhar,Female,44,Chennai,Tamil Nadu
1053,Barkha Mand,Male,60,Jaipur,Rajasthan
1054,Matthew Borra,Female,31,Pune,Maharashtra
1055,Gaurangi Roy,Female,30,Bengaluru,Karnataka
1056,Widisha Kothari,Male,29,Mumbai,Maharashtra
1057,Falan Hari,Female,20,Pune,Maharashtra
1058,Aishani Bala,Male,32,Lucknow,Uttar Pradesh
1059,Vincent Bava,Male,52,Lucknow,Uttar Pradesh
1060,Unnati Divan,Female,33,Hyderabad,Telangana
1061,Dalaja Sheth,Male,38,Jaipur,Rajasthan
1062,Mahika Wadhwa,Male,47,Jaipur,Rajasthan
1063,Samaksh Hegde,Male,42,Ahmedabad,Gujarat
1064,Teerth Gill,Male,62,Kolkata,West Bengal
1065,Qasim Dugar,Male,22,Pune,Maharashtra
1066,Hema Rout,Male,29,Ahmedabad,Gujarat
1067,Umang Das,Female,34,Bengaluru,Karnataka
1068,Mitesh Parmar,Female,41,Lucknow,Uttar Pradesh
1069,Naveen Bhandari,Male,35,Kolkata,West Bengal
1070,Charita Arora,Female,38,Lucknow,Uttar Pradesh
1071,Ekaraj Varma,Female,46,Ahmedabad,Gujarat
1072,Tanveer Dewan,Male,46,Bengaluru,Karnataka
1073,Rajata Srinivasan,Male,30,Lucknow,Uttar Pradesh
1074,Yadavi Nagarajan,Female,57,Lucknow,Uttar Pradesh
1075,Aachal Upadhyay,Female,50,Mumbai,Maharashtra
1076,Azad Chada,Female,51,Mumbai,Maharashtra
1077,Chavvi Gara,Female,33,Ahmedabad,Gujarat
1078,Noah Solanki,Male,56,Lucknow,Uttar Pradesh
1079,Anirudh Sahota,Male,36,Lucknow,Uttar Pradesh
1080,Chandresh Ganesh,Female,53,Hyderabad,Telangana
1081,Yashodhara Jaggi,Female,61,Ahmedabad,Gujarat
1082,Logan Dugal,Female,61,Mumbai,Maharashtra
1083,Maya Gokhale,Male,46,Chennai,Tamil Nadu
1084,Bhavani Brahmbhatt,Female,49,Hyderabad,Telangana
1085,Bhavna Vohra,Female,33,Hyderabad,Telangana
1086,Ati Agate,Male,21,Delhi,Delhi
1087,Tejas Shan,Female,39,Pune,Maharashtra
1088,Unni Arya,Female,44,Delhi,Delhi
1089,Abdul Jain,Male,24,Chennai,Tamil Nadu
1090,Bina Dugar,Female,44,Kolkata,West Bengal
1091,Ekansh Babu,Female,31,Bengaluru,Karnataka
1092,Ekantika Kunda,Female,38,Delhi,Delhi
1093,Nicholas Zacharia,Male,21,Kolkata,West Bengal
1094,Radha Soman,Female,65,Lucknow,Uttar Pradesh
1095,Manbir Sodhi,Female,45,Hyderabad,Telangana
1096,Damini Shankar,Female,64,Jaipur,Rajasthan
1097,Andrew Ravi,Female,64,Kolkata,West Bengal
1098,Bina Bhatti,Female,53,Hyderabad,Telangana
1099,Sanaya D’Alia,Female,43,Pune,Maharashtra
1100,Faras Badal,Female,53,Kolkata,West Bengal
1101,Chanchal Bora,Male,62,Ahmedabad,Gujarat
1102,Yug Ramesh,Male,41,Chennai,Tamil Nadu
1103,Harsh Krishna,Male,18,Lucknow,Uttar Pradesh
1104,Utkarsh Dada,Female,30,Ahmedabad,Gujarat
1105,Mohini Chhabra,Male,56,Kolkata,West Bengal
1106,Udarsh Lalla,Female,31,Delhi,Delhi
1107,Unnati Sampath,Female,55,Lucknow,Uttar Pradesh
1108,Krish Nadkarni,Male,18,Chennai,Tamil Nadu
1109,Upasna Chakrabarti,Male,60,Pune,Maharashtra
1110,Yatin Saha,Male,39,Delhi,Delhi
1111,Tanay Thakkar,Female,18,Pune,Maharashtra
1112,Charita Hayre,Female,36,Kolkata,West Bengal
1113,Abdul Patla,Male,28,Bengaluru,Karnataka
1114,Dipta Zacharia,Female,34,Ahmedabad,Gujarat
1115,Raksha Swamy,Female,49,Delhi,Delhi
1116,Ekaja Nori,Female,49,Jaipur,Rajasthan
1117,Janya Kala,Male,63,Chennai,Tamil Nadu
1118,Madhav Som,Male,18,Chennai,Tamil Nadu
1119,Upadhriti Nayar,Male,19,Ahmedabad,Gujarat
1120,Samar Warrior,Female,37,Mumbai,Maharashtra
1121,Jasmit Dada,Female,43,Chennai,Tamil Nadu
1122,Darpan Keer,Male,62,Bengaluru,Karnataka
1123,Neha Dora,Male,57,Bengaluru,Karnataka
1124,Janani Anand,Female,22,Mumbai,Maharashtra
1125,Nirja Jayaraman,Male,24,Lucknow,Uttar Pradesh
1126,Ekanta Goyal,Male,64,Mumbai,Maharashtra
1127,Jagdish Sathe,Female,39,Kolkata,West Bengal
1128,Aarav Shetty,Female,59,Ahmedabad,Gujarat
1129,Kiaan Narula,Female,25,Mumbai,Maharashtra
1130,Jeet Bhat,Male,57,Bengaluru,Karnataka
1131,Ansh Prabhu,Female,47,Mumbai,Maharashtra
1132,Priya Subramanian,Male,55,Hyderabad,Telangana
1133,Vihaan Arya,Male,64,Pune,Maharashtra
1134,Yauvani Lal,Male,27,Mumbai,Maharashtra
1135,Balhaar Chokshi,Female,51,Delhi,Delhi
1136,Darpan Chacko,Female,33,Lucknow,Uttar Pradesh
1137,Vihaan Badal,Male,43,Chennai,Tamil Nadu
1138,Vyanjana Sura,Male,52,Delhi,Delhi
1139,Adweta Raman,Female,24,Kolkata,West Bengal
1140,Wazir Goyal,Male,29,Pune,Maharashtra
1141,Saumya Bobal,Male,38,Bengaluru,Karnataka
1142,Theodore D’Alia,Female,64,Ahmedabad,Gujarat
1143,Vritti Apte,Female,29,Hyderabad,Telangana
1144,Jairaj Magar,Female,46,Lucknow,Uttar Pradesh
1145,Janaki Chaudhary,Male,32,Delhi,Delhi
1146,Banjeet Borde,Male,35,Bengaluru,Karnataka
1147,Vedhika Mital,Female,52,Hyderabad,Telangana
1148,Ronith Vala,Female,43,Ahmedabad,Gujarat
1149,Aishani Divan,Female,63,Mumbai,Maharashtra
1150,Zehaan Gour,Female,33,Kolkata,West Bengal
1151,Yoshita Tara,Female,62,Lucknow,Uttar Pradesh
1152,Timothy Ghose,Female,56,Kolkata,West Bengal
1153,Christopher Virk,Female,34,Delhi,Delhi
1154,Yauvani Bajwa,Male,29,Jaipur,Rajasthan
1155,Vyanjana Zachariah,Male,31,Bengaluru,Karnataka
1156,Kala Palan,Female,26,Chennai,Tamil Nadu
1157,Chavvi Subramaniam,Male,35,Jaipur,Rajasthan
1158,Sudiksha Dash,Male,19,Pune,Maharashtra
1159,Yashvi Ganguly,Female,24,Mumbai,Maharashtra
1160,Zinal Shetty,Male,59,Jaipur,Rajasthan
1161,Praneel Sastry,Female,53,Bengaluru,Karnataka
1162,Owen Mahajan,Male,40,Lucknow,Uttar Pradesh
1163,Lopa Banerjee,Male,31,Mumbai,Maharashtra
1164,Ladli Bains,Female,58,Delhi,Delhi
1165,Onveer Bora,Female,39,Pune,Maharashtra
1166,Naveen Minhas,Male,50,Lucknow,Uttar Pradesh
1167,Leela Bhatia,Female,57,Lucknow,Uttar Pradesh
1168,Hamsini Bansal,Female,29,Pune,Maharashtra
1169,Aarush Mannan,Female,26,Mumbai,Maharashtra
1170,Kavya Palan,Female,56,Jaipur,Rajasthan
1171,Agastya Seth,Female,36,Delhi,Delhi
1172,Falak Goswami,Male,50,Bengaluru,Karnataka
1173,Banjeet Dani,Female,19,Hyderabad,Telangana
1174,Wazir Sethi,Female,45,Pune,Maharashtra
1175,Hemani Mutti,Female,62,Bengaluru,Karnataka
1176,Henry Ratti,Male,52,Pune,Maharashtra
1177,Jhalak Bhargava,Male,60,Chennai,Tamil Nadu
1178,Yamini Doshi,Male,59,Bengaluru,Karnataka
1179,Samuel Salvi,Female,39,Kolkata,West Bengal
1180,Upkaar Koshy,Female,52,Mumbai,Maharashtra
1181,Reva Bora,Male,24,Kolkata,West Bengal
1182,Maya Menon,Male,63,Bengaluru,Karnataka
1183,Advik Konda,Female,44,Pune,Maharashtra
1184,Gautam Boase,Female,57,Hyderabad,Telangana
1185,Sarthak Kapadia,Female,43,Jaipur,Rajasthan
1186,Amara Dara,Male,39,Kolkata,West Bengal
1187,Raagini Bir,Female,18,Lucknow,Uttar Pradesh
1188,Qadim Kanda,Female,37,Pune,Maharashtra
1189,Ria Dhaliwal,Female,23,Mumbai,Maharashtra
1190,Yahvi Varty,Male,45,Hyderabad,Telangana
1191,Anika Patil,Male,43,Hyderabad,Telangana
1192,Vyanjana Gaba,Male,57,Pune,Maharashtra
1193,Nimrat Dar,Female,48,Ahmedabad,Gujarat
1194,Varenya Date,Female,18,Mumbai,Maharashtra
1195,Netra Ramaswamy,Female,32,Ahmedabad,Gujarat
1196,Upadhriti Chhabra,Female,50,Kolkata,West Bengal
1197,Ekta Patil,Male,60,Jaipur,Rajasthan
1198,Indali Mandal,Female,52,Lucknow,Uttar Pradesh
1199,Ria Raman,Male,37,Mumbai,Maharashtra
1200,Yashoda Mistry,Male,37,Chennai,Tamil Nadu
1201,Baghyawati Bakshi,Female,59,Jaipur,Rajasthan
1202,Vasatika Sarkar,Male,64,Jaipur,Rajasthan
1203,Abdul Salvi,Female,35,Jaipur,Rajasthan
1204,Aashi Bobal,Male,39,Lucknow,Uttar Pradesh
1205,Ayushman Pandit,Male,54,Chennai,Tamil Nadu
1206,Yashodhara Bhagat,Male,19,Lucknow,Uttar Pradesh
1207,Vamakshi Cheema,Female,60,Pune,Maharashtra
1208,Neel Chanda,Male,20,Delhi,Delhi
1209,Logan Suri,Male,25,Pune,Maharashtra
1210,Maanas Varkey,Female,37,Lucknow,Uttar Pradesh
1211,Hemani Menon,Female,40,Hyderabad,Telangana
1212,Hemangini Bhatti,Female,39,Ahmedabad,Gujarat
1213,Vamakshi Sengupta,Female,49,Kolkata,West Bengal
1214,Prisha Narasimhan,Female,65,Mumbai,Maharashtra
1215,Yagnesh Pandya,Female,25,Delhi,Delhi
1216,Pavani Divan,Female,25,Chennai,Tamil Nadu
1217,Bina Sha,Male,35,Delhi,Delhi
1218,Nitara Banerjee,Female,24,Bengaluru,Karnataka
1219,Dominic Bir,Female,33,Lucknow,Uttar Pradesh
1220,Niharika Bahl,Female,46,Bengaluru,Karnataka
1221,Gayathri Sheth,Male,45,Ahmedabad,Gujarat
1222,Jeevika Dyal,Female,25,Ahmedabad,Gujarat
1223,Yatan Majumdar,Female,36,Ahmedabad,Gujarat
1224,Unnati Sama,Male,48,Kolkata,West Bengal
1225,Mahika Raman,Male,40,Chennai,Tamil Nadu
1226,Nakul Bath,Male,37,Chennai,Tamil Nadu
1227,Aadhya Mitter,Female,26,Hyderabad,Telangana
1228,Zilmil Sankar,Male,62,Kolkata,West Bengal
1229,Wahab Natt,Female,26,Chennai,Tamil Nadu
1230,Niharika Brahmbhatt,Female,33,Pune,Maharashtra
1231,Yachana Jaggi,Male,35,Bengaluru,Karnataka
1232,Aadhya Sinha,Male,33,Lucknow,Uttar Pradesh
1233,Tripti Tiwari,Female,35,Hyderabad,Telangana
1234,Yauvani Saxena,Female,55,Bengaluru,Karnataka
1235,Krisha Dugal,Female,52,Hyderabad,Telangana
1236,Gavin Khalsa,Male,27,Delhi,Delhi
1237,Praneel Bhalla,Male,62,Hyderabad,Telangana
1238,Patrick Acharya,Male,46,Pune,Maharashtra
1239,Upasna Ramachandran,Male,57,Delhi,Delhi
1240,Pallavi Cherian,Male,24,Hyderabad,Telangana
1241,Darsh Iyengar,Male,59,Lucknow,Uttar Pradesh
1242,Kai Naik,Male,65,Jaipur,Rajasthan
1243,Samesh Kapoor,Male,23,Lucknow,Uttar Pradesh
1244,Owen Deshmukh,Male,26,Bengaluru,Karnataka
1245,Rohan Ahuja,Male,60,Chennai,Tamil Nadu
1246,Dakshesh Dixit,Male,42,Chennai,Tamil Nadu
1247,Bhavika Bhat,Male,20,Mumbai,Maharashtra
1248,Falan Padmanabhan,Male,30,Pune,Maharashtra
1249,Hemangini Devan,Female,40,Hyderabad,Telangana
1250,Amrita Gopal,Female,18,Lucknow,Uttar Pradesh
1251,Yashoda Gokhale,Male,62,Hyderabad,Telangana
1252,Samesh Lall,Male,31,Delhi,Delhi
1253,Reyansh Shetty,Male,34,Mumbai,Maharashtra
1254,Jack Buch,Female,31,Pune,Maharashtra
1255,Vasana Rai,Male,43,Chennai,Tamil Nadu
1256,Shivani Vohra,Male,28,Pune,Maharashtra
1257,Theodore Raju,Female,33,Mumbai,Maharashtra
1258,Neha Magar,Female,40,Chennai,Tamil Nadu
1259,Tanveer Narayanan,Female,29,Mumbai,Maharashtra
1260,Alexander Parmer,Male,61,Ahmedabad,Gujarat
1261,Hemani Pathak,Male,42,Lucknow,Uttar Pradesh
1262,Leena Swamy,Female,39,Jaipur,Rajasthan
1263,Isha Sidhu,Female,59,Kolkata,West Bengal
1264,Nicholas Ranganathan,Female,22,Delhi,Delhi
1265,Quincy Behl,Male,59,Ahmedabad,Gujarat
1266,Wridesh Tripathi,Female,20,Kolkata,West Bengal
1267,Janya Sunder,Female,54,Jaipur,Rajasthan
1268,Yutika Mangat,Male,52,Delhi,Delhi
1269,Ayush Kari,Female,26,Pune,Maharashtra
1270,Idika Narayan,Female,47,Hyderabad,Telangana
1271,Sanaya Deshmukh,Male,30,Jaipur,Rajasthan
1272,Zashil Zachariah,Male,27,Bengaluru,Karnataka
1273,Panini Bawa,Male,61,Lucknow,Uttar Pradesh
1274,Rehaan Bahri,Female,21,Pune,Maharashtra
1275,Balendra Mandal,Male,55,Pune,Maharashtra
1276,Vihaan Oak,Female,44,Jaipur,Rajasthan
1277,Yahvi Nayak,Female,60,Pune,Maharashtra
1278,Idika Kunda,Female,33,Bengaluru,Karnataka
1279,Bina Rama,Male,64,Kolkata,West Bengal
1280,Omaja Ramaswamy,Male,36,Mumbai,Maharashtra
1281,Hemani Srinivasan,Female,21,Jaipur,Rajasthan
1282,Idika Munshi,Male,63,Bengaluru,Karnataka
1283,Orinder Dutt,Male,29,Kolkata,West Bengal
1284,Faqid Ram,Male,59,Ahmedabad,Gujarat
1285,Hredhaan Sunder,Male,49,Delhi,Delhi
1286,Onkar Bir,Male,46,Ahmedabad,Gujarat
1287,Maanas Dugar,Female,64,Ahmedabad,Gujarat
1288,Kalpit Thakur,Male,55,Kolkata,West Bengal
1289,Chandresh Mani,Male,38,Ahmedabad,Gujarat
1290,Aradhana Bajwa,Female,64,Bengaluru,Karnataka
1291,Aryan Bandi,Male,50,Kolkata,West Bengal
1292,Mitesh Parikh,Male,21,Lucknow,Uttar Pradesh
1293,Leela Hari,Female,39,Jaipur,Rajasthan
1294,Arunima Sarkar,Female,37,Mumbai,Maharashtra
1295,Ekbal Master,Male,35,Jaipur,Rajasthan
1296,Advika Kade,Female,52,Lucknow,Uttar Pradesh
1297,Amaira Mohanty,Female,57,Pune,Maharashtra
1298,Jagdish Sankaran,Female,28,Delhi,Delhi
1299,Utkarsh Dube,Male,53,Bengaluru,Karnataka
1300,Shivani Iyengar,Female,60,Hyderabad,Telangana
1301,David Walia,Female,27,Lucknow,Uttar Pradesh
1302,Ansh Patla,Female,24,Chennai,Tamil Nadu
1303,Ekavir Bora,Female,23,Jaipur,Rajasthan
1304,Aachal Kanda,Male,64,Hyderabad,Telangana
1305,Shravya Kumer,Female,57,Jaipur,Rajasthan
1306,Aahana Bir,Male,47,Ahmedabad,Gujarat
1307,Girindra Pillay,Male,51,Delhi,Delhi
1308,Gabriel Balasubramanian,Female,46,Bengaluru,Karnataka
1309,Dhriti Nanda,Male,43,Mumbai,Maharashtra
1310,Nathaniel Menon,Female,50,Jaipur,Rajasthan
1311,Darpan Nadig,Female,62,Bengaluru,Karnataka
1312,Jagvi Madan,Male,42,Kolkata,West Bengal
1313,Aadhya Chaudhuri,Male,53,Lucknow,Uttar Pradesh
1314,Anvi Ranganathan,Female,21,Jaipur,Rajasthan
1315,Xalak Bakshi,Male,55,Ahmedabad,Gujarat
1316,Kavya Gupta,Male,21,Chennai,Tamil Nadu
1317,Abdul Kala,Female,48,Hyderabad,Telangana
1318,Theodore Sathe,Male,54,Lucknow,Uttar Pradesh
1319,Varenya Wadhwa,Male,40,Pune,Maharashtra
1320,Aarini Magar,Female,41,Kolkata,West Bengal
1321,Yoshita Kumer,Male,26,Pune,Maharashtra
1322,Yashvi Singhal,Female,41,Mumbai,Maharashtra
1323,Tanvi Magar,Male,48,Lucknow,Uttar Pradesh
1324,Triya Kara,Male,24,Pune,Maharashtra
1325,Jagdish Venkataraman,Male,39,Hyderabad,Telangana
1326,Anthony Venkatesh,Male,33,Mumbai,Maharashtra
1327,Bina Om,Female,27,Ahmedabad,Gujarat
1328,Abhimanyu Buch,Female,44,Jaipur,Rajasthan
1329,Balhaar Subramanian,Female,24,Mumbai,Maharashtra
1330,Arya Sehgal,Female,65,Mumbai,Maharashtra
1331,Nathan Kara,Male,26,Mumbai,Maharashtra
1332,Libni Vig,Male,20,Jaipur,Rajasthan
1333,Kala Contractor,Male,25,Ahmedabad,Gujarat
1334,Manthan Bakshi,Female,59,Jaipur,Rajasthan
1335,Charan Saran,Female,34,Lucknow,Uttar Pradesh
1336,Nitara Aggarwal,Male,33,Chennai,Tamil Nadu
1337,Vivaan Kurian,Female,23,Lucknow,Uttar Pradesh
1338,Kiaan Badal,Female,65,Delhi,Delhi
1339,Yatin Joshi,Female,48,Jaipur,Rajasthan
1340,Advik Singhal,Male,25,Jaipur,Rajasthan
1341,Falan Garde,Female,20,Jaipur,Rajasthan
1342,Zilmil Chandra,Female,57,Chennai,Tamil Nadu
1343,Abhiram Modi,Male,59,Lucknow,Uttar Pradesh
1344,Chanchal Brar,Female,51,Chennai,Tamil Nadu
1345,Aradhana Arya,Female,65,Delhi,Delhi
1346,Amaira Keer,Male,34,Mumbai,Maharashtra
1347,Shivani Shukla,Female,39,Kolkata,West Bengal
1348,Girik Raj,Female,64,Chennai,Tamil Nadu
1349,Abhiram Nigam,Female,31,Pune,Maharashtra
1350,Chasmum Saha,Male,27,Lucknow,Uttar Pradesh
1351,Aarna Mahal,Male,46,Jaipur,Rajasthan
1352,Varsha Kaur,Male,28,Bengaluru,Karnataka
1353,Wriddhish Patil,Male,22,Delhi,Delhi
1354,Mohini Tata,Female,32,Bengaluru,Karnataka
1355,Ubika Raju,Female,51,Hyderabad,Telangana
1356,Varsha Thaker,Female,21,Chennai,Tamil Nadu
1357,Chandresh De,Male,41,Jaipur,Rajasthan
1358,Wishi Dey,Male,44,Bengaluru,Karnataka
1359,Daksha Ben,Female,59,Hyderabad,Telangana
1360,Hritik Chakraborty,Female,45,Chennai,Tamil Nadu
1361,Mitesh Rau,Male,65,Lucknow,Uttar Pradesh
1362,Umang Dey,Male,34,Ahmedabad,Gujarat
1363,Reva Bhat,Male,25,Bengaluru,Karnataka
1364,Nidhi Bhakta,Female,61,Bengaluru,Karnataka
1365,Niharika Vasa,Male,50,Bengaluru,Karnataka
1366,Christopher Sagar,Male,43,Mumbai,Maharashtra
1367,Aarush Chander,Female,31,Mumbai,Maharashtra
1368,Unnati Rana,Female,23,Bengaluru,Karnataka
1369,Zarna Bhat,Female,53,Mumbai,Maharashtra
1370,Yoshita Goel,Male,38,Pune,Maharashtra
1371,Omkaar Sehgal,Female,57,Pune,Maharashtra
1372,Raghav Brar,Female,50,Mumbai,Maharashtra
1373,Amaira Issac,Male,62,Bengaluru,Karnataka
1374,Faqid Sahota,Female,25,Chennai,Tamil Nadu
1375,Chanchal Roy,Male,61,Delhi,Delhi
1376,Upadhriti Singhal,Female,33,Kolkata,West Bengal
1377,Lucky Sharma,Female,64,Delhi,Delhi
1378,Harrison Suresh,Female,34,Hyderabad,Telangana
1379,Naveen Choudhary,Female,22,Mumbai,Maharashtra
1380,Waida Merchant,Male,64,Kolkata,West Bengal
1381,Abeer Char,Male,47,Ahmedabad,Gujarat
1382,Odika Kaul,Female,27,Mumbai,Maharashtra
1383,Advaith Basu,Female,53,Delhi,Delhi
1384,Ekantika Kohli,Male,61,Jaipur,Rajasthan
1385,Patrick Mutti,Male,20,Delhi,Delhi
1386,Kalpit Shah,Female,29,Delhi,Delhi
1387,Chaitanya Kumer,Female,21,Chennai,Tamil Nadu
1388,Jairaj Chahal,Female,64,Bengaluru,Karnataka
1389,Anusha Nadig,Female,46,Kolkata,West Bengal
1390,Varenya Sarma,Female,38,Kolkata,West Bengal
1391,Darika Jain,Female,32,Pune,Maharashtra
1392,Aahana Anand,Male,41,Lucknow,Uttar Pradesh
1393,Isaiah Wali,Male,32,Lucknow,Uttar Pradesh
1394,Wahab Das,Male,65,Mumbai,Maharashtra
1395,Ikshita Iyengar,Male,19,Lucknow,Uttar Pradesh
1396,Maanas Patil,Male,50,Kolkata,West Bengal
1397,Ucchal Sarraf,Female,41,Delhi,Delhi
1398,Omkaar Nair,Female,22,Kolkata,West Bengal
1399,Isaiah Rastogi,Female,28,Lucknow,Uttar Pradesh
1400,Udyati Acharya,Male,58,Lucknow,Uttar Pradesh
1401,Siya Bava,Female,46,Chennai,Tamil Nadu
1402,Lucky Bora,Male,31,Ahmedabad,Gujarat
1403,Ishani Mandal,Female,54,Ahmedabad,Gujarat
1404,Amruta Trivedi,Male,44,Hyderabad,Telangana
1405,Frado Roy,Female,41,Delhi,Delhi
1406,Oviya Morar,Female,41,Hyderabad,Telangana
1407,Abeer Mukherjee,Female,62,Pune,Maharashtra
1408,Maya Bawa,Female,43,Mumbai,Maharashtra
1409,Bishakha Bahl,Female,53,Jaipur,Rajasthan
1410,Xalak Sodhi,Female,64,Pune,Maharashtra
1411,Peter Ganesan,Male,26,Pune,Maharashtra
1412,Januja Sani,Female,23,Delhi,Delhi
1413,Yug Gaba,Male,61,Lucknow,Uttar Pradesh
1414,Rohan Biswas,Female,26,Mumbai,Maharashtra
1415,Yagnesh Warrior,Male,49,Lucknow,Uttar Pradesh
1416,Yatin D’Alia,Female,42,Chennai,Tamil Nadu
1417,Jairaj Sahni,Female,61,Kolkata,West Bengal
1418,Advay Kothari,Male,48,Lucknow,Uttar Pradesh
1419,Kashish Pillai,Female,57,Pune,Maharashtra
1420,Nisha Lall,Female,36,Delhi,Delhi
1421,Warjas Lal,Female,63,Hyderabad,Telangana
1422,Gunbir Jain,Male,44,Delhi,Delhi
1423,Vedika Goda,Male,27,Bengaluru,Karnataka
1424,Ojasvi Sagar,Female,39,Mumbai,Maharashtra
1425,Daksha Modi,Female,60,Pune,Maharashtra
1426,Chakradhar Deep,Female,38,Chennai,Tamil Nadu
1427,Wazir Patil,Male,46,Jaipur,Rajasthan
1428,Dhriti Wali,Female,44,Jaipur,Rajasthan
1429,Vinaya Handa,Male,59,Pune,Maharashtra
1430,Vivaan Kurian,Female,47,Chennai,Tamil Nadu
1431,Hamsini Handa,Female,51,Delhi,Delhi
1432,Hardik Dhar,Male,25,Delhi,Delhi
1433,Dominic Kumar,Female,51,Chennai,Tamil Nadu
1434,Champak Borah,Female,18,Kolkata,West Bengal
1435,Ganga Thakkar,Female,22,Kolkata,West Bengal
1436,Yashoda Shanker,Male,62,Ahmedabad,Gujarat
1437,Sanya Sarkar,Male,28,Jaipur,Rajasthan
1438,Warhi Chowdhury,Female,47,Mumbai,Maharashtra
1439,Naveen Chander,Female,50,Ahmedabad,Gujarat
1440,Jagdish Ramakrishnan,Female,33,Pune,Maharashtra
1441,Udarsh Setty,Male,45,Bengaluru,Karnataka
1442,Deepa Ramanathan,Female,58,Delhi,Delhi
1443,Ethan Pandit,Female,35,Pune,Maharashtra
1444,Bhavya Choudhary,Female,53,Pune,Maharashtra
1445,Pranit Sem,Female,63,Ahmedabad,Gujarat
1446,Sneha Trivedi,Female,54,Hyderabad,Telangana
1447,Lohit Bhatnagar,Female,31,Hyderabad,Telangana
1448,Hemal Balay,Male,54,Jaipur,Rajasthan
1449,Veda Wagle,Female,65,Ahmedabad,Gujarat
1450,Guneet Nagar,Male,64,Hyderabad,Telangana
1451,Ira Misra,Male,22,Hyderabad,Telangana
1452,Orinder Nagi,Male,44,Jaipur,Rajasthan
1453,Shaurya Kade,Male,64,Chennai,Tamil Nadu
1454,Ranveer Konda,Male,32,Ahmedabad,Gujarat
1455,Xiti Kamdar,Female,27,Pune,Maharashtra
1456,Niharika Din,Male,59,Mumbai,Maharashtra
1457,Timothy Choudhry,Male,19,Hyderabad,Telangana
1458,Dominic Chana,Female,23,Lucknow,Uttar Pradesh
1459,Luke Saha,Female,34,Kolkata,West Bengal
1460,Aadhya Bava,Male,45,Bengaluru,Karnataka
1461,Rachit Ramesh,Male,22,Delhi,Delhi
1462,Deepa Kaur,Female,32,Jaipur,Rajasthan
1463,Kai Naidu,Male,22,Ahmedabad,Gujarat
1464,Brinda Mitra,Male,22,Delhi,Delhi
1465,Oeshi Sama,Female,25,Jaipur,Rajasthan
1466,Tanmayi Gour,Female,58,Chennai,Tamil Nadu
1467,Dayita Modi,Male,22,Kolkata,West Bengal
1468,Madhav Puri,Female,31,Ahmedabad,Gujarat
1469,Upkaar Vohra,Female,30,Mumbai,Maharashtra
1470,Anthony Sura,Female,38,Pune,Maharashtra
1471,Nilima Arora,Male,18,Hyderabad,Telangana
1472,Eshana Cherian,Female,46,Bengaluru,Karnataka
1473,Ranveer Madan,Male,60,Delhi,Delhi
1474,Sachi Chander,Female,50,Delhi,Delhi
1475,Nidra Luthra,Male,38,Ahmedabad,Gujarat
1476,Vincent Ganesh,Female,64,Bengaluru,Karnataka
1477,Indali Sur,Male,51,Hyderabad,Telangana
1478,Girindra Cheema,Female,29,Kolkata,West Bengal
1479,Falguni Deol,Male,49,Pune,Maharashtra
1480,Gunbir Prakash,Female,40,Chennai,Tamil Nadu
1481,Yashoda Chowdhury,Male,65,Lucknow,Uttar Pradesh
1482,Warhi Peri,Female,55,Lucknow,Uttar Pradesh
1483,Amruta Modi,Male,29,Chennai,Tamil Nadu
1484,Maya Kata,Female,19,Ahmedabad,Gujarat
1485,Bhavika Mammen,Female,58,Delhi,Delhi
1486,Isaac Dhaliwal,Male,64,Chennai,Tamil Nadu
1487,Azaan Sura,Female,29,Delhi,Delhi
1488,Hemal Vaidya,Female,50,Pune,Maharashtra
1489,Vivaan Pandit,Female,26,Delhi,Delhi
1490,Tarak Oommen,Female,64,Jaipur,Rajasthan
1491,Samarth Borah,Male,21,Delhi,Delhi
1492,Isha Kapadia,Female,49,Delhi,Delhi
1493,Kashvi Dhar,Female,37,Delhi,Delhi
1494,Nitesh Minhas,Female,51,Bengaluru,Karnataka
1495,Bhavna Sethi,Male,37,Delhi,Delhi
1496,Girindra Raman,Female,57,Bengaluru,Karnataka
1497,Tanveer Buch,Male,25,Ahmedabad,Gujarat
1498,Januja Maharaj,Female,53,Mumbai,Maharashtra
1499,Nidra Sani,Male,19,Chennai,Tamil Nadu
1500,Yoshita Natarajan,Female,33,Jaipur,Rajasthan
1501,Wriddhish Nadkarni,Female,50,Kolkata,West Bengal
1502,Odika Chakraborty,Female,57,Pune,Maharashtra
1503,Patrick Muni,Male,24,Pune,Maharashtra
1504,Ishani Sathe,Female,50,Mumbai,Maharashtra
1505,Ishita Badal,Male,31,Delhi,Delhi
1506,Ojasvi Dugal,Male,47,Kolkata,West Bengal
1507,Zayyan Srinivas,Male,21,Hyderabad,Telangana
1508,Nitesh Ahluwalia,Female,48,Kolkata,West Bengal
1509,Yash Behl,Female,54,Kolkata,West Bengal
1510,Aarush Varkey,Male,33,Jaipur,Rajasthan
1511,Zilmil Rau,Female,64,Delhi,Delhi
1512,Onveer Kale,Male,54,Jaipur,Rajasthan
1513,Harish Kamdar,Male,55,Hyderabad,Telangana
1514,Geetika Butala,Male,40,Kolkata,West Bengal
1515,Fariq Sandhu,Male,52,Ahmedabad,Gujarat
1516,Chavvi Mani,Male,56,Ahmedabad,Gujarat
1517,Azad Patel,Male,38,Jaipur,Rajasthan
1518,Tanay Sahota,Male,60,Mumbai,Maharashtra
1519,Yashoda Prakash,Male,33,Pune,Maharashtra
1520,Tarak Doshi,Male,47,Bengaluru,Karnataka
1521,Kamala Srivastava,Male,48,Hyderabad,Telangana
1522,Aishani Bir,Male,34,Kolkata,West Bengal
1523,Daksh Thakkar,Female,35,Ahmedabad,Gujarat
1524,Damini Murty,Male,32,Bengaluru,Karnataka
1525,Harish Char,Male,29,Pune,Maharashtra
1526,Kamala Bhalla,Male,46,Delhi,Delhi
1527,Manthan Edwin,Female,42,Kolkata,West Bengal
1528,Varsha Lad,Female,27,Kolkata,West Bengal
1529,Qushi Gala,Female,60,Bengaluru,Karnataka
1530,Amara Hari,Male,60,Bengaluru,Karnataka
1531,Nihal Hari,Female,29,Delhi,Delhi
1532,Zayan Raju,Female,55,Jaipur,Rajasthan
1533,Aayush Pathak,Male,38,Pune,Maharashtra
1534,Noah Pandit,Female,54,Delhi,Delhi
1535,Advik Uppal,Female,58,Pune,Maharashtra
1536,Yagnesh Raja,Male,21,Mumbai,Maharashtra
1537,Yash Oommen,Female,46,Ahmedabad,Gujarat
1538,Vritti D’Alia,Female,60,Delhi,Delhi
1539,Vedhika Sahni,Female,54,Bengaluru,Karnataka
1540,Jyoti Sidhu,Female,50,Bengaluru,Karnataka
1541,Ekalinga Dhingra,Male,65,Hyderabad,Telangana
1542,Radhika Bhasin,Male,18,Hyderabad,Telangana
1543,Jhalak Viswanathan,Male,52,Bengaluru,Karnataka
1544,Chakrika Mallick,Female,20,Ahmedabad,Gujarat
1545,Chandresh Sarna,Female,31,Kolkata,West Bengal
1546,Odika Nagar,Female,36,Ahmedabad,Gujarat
1547,Krisha Kapadia,Female,37,Hyderabad,Telangana
1548,Theodore Narula,Female,61,Ahmedabad,Gujarat
1549,Vincent Palan,Male,26,Bengaluru,Karnataka
1550,Nidra Memon,Female,49,Chennai,Tamil Nadu
1551,Bakhshi Sachdev,Female,40,Pune,Maharashtra
1552,Simon Mukherjee,Female,46,Bengaluru,Karnataka
1553,Caleb Palan,Male,56,Bengaluru,Karnataka
1554,Ojas Mammen,Female,38,Ahmedabad,Gujarat
1555,Anjali Kashyap,Male,54,Jaipur,Rajasthan
1556,Urishilla Saha,Male,48,Delhi,Delhi
1557,Zashil Halder,Male,48,Lucknow,Uttar Pradesh
1558,Qarin Oak,Female,22,Hyderabad,Telangana
1559,Neel Kara,Male,39,Jaipur,Rajasthan
1560,Yahvi Dua,Female,62,Mumbai,Maharashtra
1561,Xavier Kakar,Female,41,Chennai,Tamil Nadu
1562,Jeet Sinha,Female,37,Mumbai,Maharashtra
1563,Rudra Soman,Male,46,Pune,Maharashtra
1564,Zehaan Issac,Female,61,Chennai,Tamil Nadu
1565,Logan Narula,Male,62,Delhi,Delhi
1566,Azad Mall,Male,65,Pune,Maharashtra
1567,Eiravati Randhawa,Female,56,Pune,Maharashtra
1568,Oeshi Sarkar,Female,23,Kolkata,West Bengal
1569,Aarnav Shroff,Male,53,Bengaluru,Karnataka
1570,Lila Koshy,Male,57,Mumbai,Maharashtra
1571,Dayamai Dass,Female,34,Chennai,Tamil Nadu
1572,Yug Naik,Female,23,Lucknow,Uttar Pradesh
1573,Pooja Varma,Male,65,Delhi,Delhi
1574,Kashvi Mohan,Female,26,Ahmedabad,Gujarat
1575,Gaurika Sen,Male,36,Chennai,Tamil Nadu
1576,Lohit Date,Female,37,Chennai,Tamil Nadu
1577,Lucky Raval,Female,18,Pune,Maharashtra
1578,Nathaniel Sami,Female,64,Ahmedabad,Gujarat
1579,Aditya Loke,Male,23,Delhi,Delhi
1580,Varenya Parekh,Male,31,Pune,Maharashtra
1581,Chandresh Pathak,Male,51,Mumbai,Maharashtra
1582,Vasudha Sawhney,Male,57,Kolkata,West Bengal
1583,Girish Vasa,Male,25,Jaipur,Rajasthan
1584,Idika Parikh,Female,52,Lucknow,Uttar Pradesh
1585,Reyansh Bhavsar,Male,61,Delhi,Delhi
1586,Ranbir Sharma,Male,35,Bengaluru,Karnataka
1587,Oscar Edwin,Female,27,Pune,Maharashtra
1588,Tanish Hayer,Female,42,Ahmedabad,Gujarat
1589,Hitesh Bhardwaj,Male,43,Delhi,Delhi
1590,Dakshesh Shah,Male,42,Kolkata,West Bengal
1591,Vedika Jayaraman,Male,39,Ahmedabad,Gujarat
1592,Bishakha Anand,Male,27,Mumbai,Maharashtra
1593,Henry Lanka,Male,35,Mumbai,Maharashtra
1594,Chaitaly Mutti,Female,65,Lucknow,Uttar Pradesh
1595,Aayush Manda,Female,53,Ahmedabad,Gujarat
1596,Bhavya Maharaj,Male,26,Chennai,Tamil Nadu
1597,Ayushman Banerjee,Female,41,Chennai,Tamil Nadu
1598,Isha Raman,Male,38,Hyderabad,Telangana
1599,Yasti Chahal,Male,62,Delhi,Delhi
1600,Zilmil Minhas,Male,33,Bengaluru,Karnataka
1601,Leena Khosla,Female,55,Kolkata,West Bengal
1602,Jeet Mand,Female,20,Jaipur,Rajasthan
1603,Baljiwan Ray,Male,26,Pune,Maharashtra
1604,Oscar Contractor,Female,45,Ahmedabad,Gujarat
1605,Nathaniel Pradhan,Male,37,Bengaluru,Karnataka
1606,Oscar Krishna,Male,59,Pune,Maharashtra
1607,Ira Pandit,Male,63,Hyderabad,Telangana
1608,Chatura Mandal,Male,62,Lucknow,Uttar Pradesh
1609,Vivaan Narain,Female,23,Kolkata,West Bengal
1610,Zayyan Mani,Male,44,Ahmedabad,Gujarat
1611,Bhavya Kulkarni,Female,44,Lucknow,Uttar Pradesh
1612,Turvi Bath,Male,28,Pune,Maharashtra
1613,Vritti Chad,Female,41,Delhi,Delhi
1614,Oeshi Gopal,Male,62,Jaipur,Rajasthan
1615,Advay Rattan,Female,53,Bengaluru,Karnataka
1616,Ansh Koshy,Female,63,Pune,Maharashtra
1617,Christopher Contractor,Male,48,Hyderabad,Telangana
1618,Adya Master,Female,27,Hyderabad,Telangana
1619,Gagan Kar,Male,24,Ahmedabad,Gujarat
1620,Ishani Rai,Male,27,Chennai,Tamil Nadu
1621,Januja Nayar,Male,56,Jaipur,Rajasthan
1622,Amruta Srinivas,Female,44,Pune,Maharashtra
1623,Sarthak Yogi,Female,31,Jaipur,Rajasthan
1624,Yamini Saxena,Female,44,Lucknow,Uttar Pradesh
1625,Radhika Doshi,Female,65,Delhi,Delhi
1626,Charles Merchant,Female,25,Hyderabad,Telangana
1627,Ojasvi Rau,Male,45,Delhi,Delhi
1628,Hemang Wason,Female,25,Jaipur,Rajasthan
1629,Lohit Tandon,Male,33,Bengaluru,Karnataka
1630,Triveni Wagle,Female,44,Hyderabad,Telangana
1631,Nilima Kamdar,Female,32,Jaipur,Rajasthan
1632,Qabil Oommen,Female,31,Mumbai,Maharashtra
1633,Ranbir Pandey,Male,63,Kolkata,West Bengal
1634,Vamakshi Bhatia,Female,57,Pune,Maharashtra
1635,Amol Kari,Female,21,Chennai,Tamil Nadu
1636,Abha Gopal,Male,35,Chennai,Tamil Nadu
1637,Edhitha Kant,Female,48,Bengaluru,Karnataka
1638,Bhavya Gulati,Female,28,Kolkata,West Bengal
1639,Ansh Batta,Male,33,Bengaluru,Karnataka
1640,Odika Karnik,Male,46,Lucknow,Uttar Pradesh
1641,Orinder Karnik,Male,44,Bengaluru,Karnataka
1642,Rehaan Saha,Male,34,Kolkata,West Bengal
1643,Anusha Dugar,Female,61,Bengaluru,Karnataka
1644,Oni Sandal,Female,18,Jaipur,Rajasthan
1645,Eshana Karan,Female,59,Lucknow,Uttar Pradesh
1646,Karan Balay,Female,27,Mumbai,Maharashtra
1647,Umang Kunda,Female,32,Ahmedabad,Gujarat
1648,Harinakshi Walia,Male,62,Pune,Maharashtra
1649,Wazir Hora,Female,39,Bengaluru,Karnataka
1650,Yauvani Bhagat,Female,55,Delhi,Delhi
1651,Leena Hora,Male,54,Mumbai,Maharashtra
1652,Charita Mukherjee,Male,55,Delhi,Delhi
1653,Megha Kant,Female,34,Jaipur,Rajasthan
1654,Raagini Bath,Female,60,Jaipur,Rajasthan
1655,Xalak Sen,Male,63,Lucknow,Uttar Pradesh
1656,Nandini Dugar,Female,27,Hyderabad,Telangana
1657,Jairaj Narula,Male,18,Kolkata,West Bengal
1658,Yug Bhatt,Male,46,Hyderabad,Telangana
1659,Yauvani Mani,Female,20,Bengaluru,Karnataka
1660,Yug Saini,Male,53,Mumbai,Maharashtra
1661,Mohini Khosla,Female,47,Ahmedabad,Gujarat
1662,Gautami Raghavan,Male,63,Jaipur,Rajasthan
1663,Naksh Bali,Male,52,Chennai,Tamil Nadu
1664,Krish Chaudhary,Male,46,Kolkata,West Bengal
1665,Anita Bera,Female,22,Chennai,Tamil Nadu
1666,Nachiket Aurora,Female,30,Jaipur,Rajasthan
1667,Anirudh Gade,Male,45,Lucknow,Uttar Pradesh
1668,Vasudha Mitter,Male,63,Bengaluru,Karnataka
1669,Orinder Goel,Female,40,Kolkata,West Bengal
1670,Charvi Yadav,Male,34,Jaipur,Rajasthan
1671,Rachit Magar,Male,50,Chennai,Tamil Nadu
1672,Darpan Narula,Male,55,Ahmedabad,Gujarat
1673,Hritik Vig,Female,36,Pune,Maharashtra
1674,Ijaya Sabharwal,Female,58,Bengaluru,Karnataka
1675,Varsha Banerjee,Male,45,Mumbai,Maharashtra
1676,Nilima Talwar,Female,22,Mumbai,Maharashtra
1677,Dalbir Kulkarni,Female,39,Delhi,Delhi
1678,Bhavna Sangha,Male,50,Hyderabad,Telangana
1679,Yamini Dhar,Male,33,Chennai,Tamil Nadu
1680,Bimala Khurana,Male,42,Jaipur,Rajasthan
1681,Ranbir Shenoy,Female,32,Delhi,Delhi
1682,Jairaj Anand,Male,46,Delhi,Delhi
1683,Tamanna Atwal,Female,26,Hyderabad,Telangana
1684,Samarth Gala,Female,26,Bengaluru,Karnataka
1685,Andrew Tripathi,Male,24,Delhi,Delhi
1686,Yadavi Arya,Male,51,Chennai,Tamil Nadu
1687,Vrinda Vora,Male,58,Kolkata,West Bengal
1688,Yashawini Sharaf,Male,21,Chennai,Tamil Nadu
1689,Zaid Cherian,Male,44,Hyderabad,Telangana
1690,Girish Baral,Female,33,Chennai,Tamil Nadu
1691,Oni Vasa,Male,21,Chennai,Tamil Nadu
1692,Rachita Murthy,Male,27,Mumbai,Maharashtra
1693,Ekaja Chaudhary,Male,52,Bengaluru,Karnataka
1694,Amaira Loke,Female,51,Chennai,Tamil Nadu
1695,Sachi Sant,Female,56,Kolkata,West Bengal
1696,Andrew Mitter,Male,28,Kolkata,West Bengal
1697,Vrishti Gala,Male,46,Lucknow,Uttar Pradesh
1698,Ekaraj Basu,Male,58,Ahmedabad,Gujarat
1699,Yamini Shukla,Male,58,Delhi,Delhi
1700,Urvashi Kota,Female,52,Bengaluru,Karnataka
1701,Jagat Lad,Female,40,Hyderabad,Telangana
1702,Ekansh Chad,Female,51,Ahmedabad,Gujarat
1703,Nathan Narain,Female,23,Bengaluru,Karnataka
1704,Dalbir Sant,Male,30,Delhi,Delhi
1705,Daksha Nagarajan,Female,26,Pune,Maharashtra
1706,Frado Seshadri,Female,24,Pune,Maharashtra
1707,Bhanumati Tandon,Female,63,Delhi,Delhi
1708,Indira Baria,Female,41,Delhi,Delhi
1709,Bimala Kapur,Male,51,Jaipur,Rajasthan
1710,Tanay Kala,Male,32,Kolkata,West Bengal
1711,Arin Jha,Male,58,Hyderabad,Telangana
1712,Nidra Gour,Female,18,Chennai,Tamil Nadu
1713,Meera Pandit,Female,40,Hyderabad,Telangana
1714,Wyatt Ratti,Female,18,Mumbai,Maharashtra
1715,Falak Dar,Female,36,Hyderabad,Telangana
1716,Diya Dada,Female,27,Chennai,Tamil Nadu
1717,Liam Bains,Male,58,Bengaluru,Karnataka
1718,Dalaja Sibal,Male,44,Pune,Maharashtra
1719,Yashasvi Ramanathan,Female,32,Chennai,Tamil Nadu
1720,Dakshesh Gera,Male,21,Ahmedabad,Gujarat
1721,Sara Korpal,Female,41,Jaipur,Rajasthan
1722,Tejas Dewan,Female,25,Kolkata,West Bengal
1723,Banjeet Guha,Female,30,Chennai,Tamil Nadu
1724,Tanveer Nagarajan,Male,58,Mumbai,Maharashtra
1725,Chavvi Varughese,Female,50,Hyderabad,Telangana
1726,Ethan Ramaswamy,Female,33,Kolkata,West Bengal
1727,Patrick Ray,Male,29,Ahmedabad,Gujarat
1728,Arjun Yohannan,Female,34,Jaipur,Rajasthan
1729,Vidhi Kara,Male,40,Ahmedabad,Gujarat
1730,Amrita Sangha,Male,37,Ahmedabad,Gujarat
1731,Urmi Basak,Male,44,Hyderabad,Telangana
1732,Indrajit Srinivasan,Male,36,Chennai,Tamil Nadu
1733,Christopher Purohit,Male,51,Pune,Maharashtra
1734,Tarak Thaker,Male,52,Kolkata,West Bengal
1735,Alka Char,Male,30,Bengaluru,Karnataka
1736,Madhav Sura,Male,24,Chennai,Tamil Nadu
1737,Mekhala Gala,Female,44,Hyderabad,Telangana
1738,Balendra Peri,Female,62,Pune,Maharashtra
1739,Omya Lanka,Female,46,Ahmedabad,Gujarat
1740,Christopher Jhaveri,Female,24,Kolkata,West Bengal
1741,Anvi Koshy,Male,40,Bengaluru,Karnataka
1742,Yauvani Ramachandran,Male,52,Hyderabad,Telangana
1743,Niharika Upadhyay,Male,54,Bengaluru,Karnataka
1744,Anamika Dua,Female,48,Mumbai,Maharashtra
1745,Kalpit Chana,Male,51,Mumbai,Maharashtra
1746,Dayita Seshadri,Female,32,Delhi,Delhi
1747,Chaitaly Palla,Female,21,Delhi,Delhi
1748,Niharika Konda,Female,38,Kolkata,West Bengal
1749,Hemani Gupta,Male,49,Pune,Maharashtra
1750,Pallavi Brahmbhatt,Female,43,Hyderabad,Telangana
1751,Vansha Mammen,Female,26,Mumbai,Maharashtra
1752,Henry Magar,Male,21,Delhi,Delhi
1753,Vyanjana Kadakia,Female,62,Pune,Maharashtra
1754,Chanakya Rout,Female,57,Delhi,Delhi
1755,Onveer Sagar,Female,58,Jaipur,Rajasthan
1756,Reyansh Palla,Female,29,Mumbai,Maharashtra
1757,Chavvi Warrior,Male,45,Ahmedabad,Gujarat
1758,Priya Rajagopal,Female,39,Jaipur,Rajasthan
1759,Oliver Johal,Male,43,Delhi,Delhi
1760,Ekta Merchant,Male,39,Ahmedabad,Gujarat
1761,Yoshita Sharaf,Female,27,Pune,Maharashtra
1762,Mohini Andra,Male,39,Pune,Maharashtra
1763,Ganga Sehgal,Female,59,Ahmedabad,Gujarat
1764,Garima Mody,Female,39,Chennai,Tamil Nadu
1765,Irya Bhatnagar,Male,61,Ahmedabad,Gujarat
1766,Ishanvi Bhatia,Male,53,Jaipur,Rajasthan
1767,Devansh Joshi,Male,44,Ahmedabad,Gujarat
1768,Megha Goyal,Female,21,Pune,Maharashtra
1769,Darpan Sundaram,Female,39,Lucknow,Uttar Pradesh
1770,Warinder Shenoy,Male,53,Ahmedabad,Gujarat
1771,Sai Hayre,Male,35,Bengaluru,Karnataka
1772,Neelima Din,Male,29,Pune,Maharashtra
1773,Abeer Mutti,Female,26,Kolkata,West Bengal
1774,Ubika Devan,Female,31,Pune,Maharashtra
1775,Chasmum Kuruvilla,Male,39,Jaipur,Rajasthan
1776,Liam Puri,Male,31,Jaipur,Rajasthan
1777,Ishwar Rajan,Male,31,Hyderabad,Telangana
1778,Michael Rajagopalan,Male,25,Kolkata,West Bengal
1779,Faris Suri,Male,58,Chennai,Tamil Nadu
1780,Anika Korpal,Male,65,Hyderabad,Telangana
1781,Krishna Ahluwalia,Female,23,Jaipur,Rajasthan
1782,Alka Barad,Female,38,Pune,Maharashtra
1783,Tanish Mall,Male,64,Delhi,Delhi
1784,Chaitaly Bahl,Female,33,Lucknow,Uttar Pradesh
1785,Tanvi Kade,Male,40,Lucknow,Uttar Pradesh
1786,Ojasvi Murthy,Female,37,Bengaluru,Karnataka
1787,Eshana Dhawan,Male,42,Hyderabad,Telangana
1788,Gautam Sem,Male,41,Bengaluru,Karnataka
1789,Hitesh Lata,Male,24,Ahmedabad,Gujarat
1790,Warinder Sha,Male,58,Ahmedabad,Gujarat
1791,Omaja Lad,Female,24,Kolkata,West Bengal
1792,Samar Edwin,Female,46,Chennai,Tamil Nadu
1793,Ekavir Contractor,Female,62,Bengaluru,Karnataka
1794,Neha Kurian,Female,61,Lucknow,Uttar Pradesh
1795,Arunima Agarwal,Male,20,Jaipur,Rajasthan
1796,Abha Parsa,Male,47,Delhi,Delhi
1797,Bina Kant,Male,25,Mumbai,Maharashtra
1798,Jacob Narain,Female,23,Jaipur,Rajasthan
1799,Lucky Chahal,Female,44,Ahmedabad,Gujarat
1800,Balendra Sarma,Male,31,Jaipur,Rajasthan
1801,Oviya Kohli,Male,18,Hyderabad,Telangana
1802,Tarak Sangha,Female,42,Delhi,Delhi
1803,Harinakshi Shukla,Male,24,Ahmedabad,Gujarat
1804,Aradhana Sanghvi,Female,31,Ahmedabad,Gujarat
1805,Girish Maharaj,Male,25,Jaipur,Rajasthan
1806,Pallavi Contractor,Male,51,Bengaluru,Karnataka
1807,Vrishti Varghese,Female,56,Mumbai,Maharashtra
1808,Shivansh Dalal,Female,57,Chennai,Tamil Nadu
1809,Xavier Kurian,Male,57,Jaipur,Rajasthan
1810,Daniel Savant,Female,43,Lucknow,Uttar Pradesh
1811,Gaurang Cheema,Male,27,Bengaluru,Karnataka
1812,Zaitra Anne,Male,47,Chennai,Tamil Nadu
1813,Kritika Ramanathan,Female,58,Bengaluru,Karnataka
1814,Sachi Bhatnagar,Female,45,Delhi,Delhi
1815,Harshil Muni,Male,22,Bengaluru,Karnataka
1816,Eesha Dani,Male,45,Chennai,Tamil Nadu
1817,Yamini Gupta,Female,41,Mumbai,Maharashtra
1818,Ishaan Yadav,Female,43,Delhi,Delhi
1819,Aarini Ahluwalia,Male,24,Chennai,Tamil Nadu
1820,Daksh Khanna,Male,37,Hyderabad,Telangana
1821,Ishwar Lanka,Female,21,Jaipur,Rajasthan
1822,Oeshi Zacharia,Male,18,Lucknow,Uttar Pradesh
1823,Ayaan Memon,Female,25,Jaipur,Rajasthan
1824,Eesha Bala,Male,32,Bengaluru,Karnataka
1825,Avni Pant,Male,30,Jaipur,Rajasthan
1826,Kalpit Chauhan,Male,23,Chennai,Tamil Nadu
1827,Suhani Ramaswamy,Female,51,Lucknow,Uttar Pradesh
1828,Jai Dua,Male,26,Ahmedabad,Gujarat
1829,David Manda,Female,55,Bengaluru,Karnataka
1830,Abhimanyu Mahajan,Male,43,Hyderabad,Telangana
1831,Samesh Srinivas,Female,23,Delhi,Delhi
1832,Ati Konda,Female,41,Jaipur,Rajasthan
1833,Farhan Rastogi,Female,55,Jaipur,Rajasthan
1834,Oliver Patil,Female,24,Hyderabad,Telangana
1835,Ekalinga Vasa,Male,22,Bengaluru,Karnataka
1836,Gunbir Kaul,Female,28,Hyderabad,Telangana
1837,Krishna Sood,Female,36,Mumbai,Maharashtra
1838,Nisha Setty,Male,50,Jaipur,Rajasthan
1839,Samuel Buch,Male,48,Chennai,Tamil Nadu
1840,Krishna Raja,Female,31,Pune,Maharashtra
1841,Dakshesh Singhal,Female,44,Mumbai,Maharashtra
1842,Jeremiah Shenoy,Female,27,Mumbai,Maharashtra
1843,Chandani Morar,Male,45,Pune,Maharashtra
1844,Kalpit Date,Male,58,Ahmedabad,Gujarat
1845,Waida Venkatesh,Female,49,Chennai,Tamil Nadu
1846,Advika Gaba,Male,64,Chennai,Tamil Nadu
1847,Manya Behl,Female,43,Hyderabad,Telangana
1848,Champak Ganesan,Female,61,Delhi,Delhi
1849,Harshil Bains,Male,24,Kolkata,West Bengal
1850,Eta Mangal,Female,60,Delhi,Delhi
1851,Chakrika Barad,Male,29,Lucknow,Uttar Pradesh
1852,Bimala Suri,Female,40,Chennai,Tamil Nadu
1853,Ayush Saxena,Male,60,Delhi,Delhi
1854,Vanya Parmer,Female,56,Bengaluru,Karnataka
1855,Aryan Purohit,Male,58,Mumbai,Maharashtra
1856,Chavvi Sood,Female,29,Kolkata,West Bengal
1857,Rehaan Rege,Male,46,Bengaluru,Karnataka
1858,Hema Mann,Female,54,Kolkata,West Bengal
1859,Theodore Johal,Female,50,Kolkata,West Bengal
1860,Bhanumati Pant,Female,21,Chennai,Tamil Nadu
1861,Fitan Pillay,Female,40,Bengaluru,Karnataka
1862,Udarsh Venkataraman,Female,22,Kolkata,West Bengal
1863,Hitesh Devi,Female,46,Chennai,Tamil Nadu
1864,Yashvi Dayal,Female,41,Pune,Maharashtra
1865,Janaki Sengupta,Female,41,Ahmedabad,Gujarat
1866,Hitesh Bhargava,Female,38,Mumbai,Maharashtra
1867,Hemani Joshi,Female,34,Ahmedabad,Gujarat
1868,Advay Sarkar,Female,20,Hyderabad,Telangana
1869,Vyanjana Rao,Male,53,Lucknow,Uttar Pradesh
1870,Chasmum Bhandari,Female,34,Ahmedabad,Gujarat
1871,Megha Shetty,Female,49,Delhi,Delhi
1872,Karan Goswami,Male,54,Pune,Maharashtra
1873,Isha Datta,Female,33,Bengaluru,Karnataka
1874,Amaira Dora,Male,57,Mumbai,Maharashtra
1875,Anya Datta,Female,23,Chennai,Tamil Nadu
1876,Naksh Oak,Female,29,Pune,Maharashtra
1877,Rajata Rajagopal,Male,47,Ahmedabad,Gujarat
1878,Hemal Issac,Female,48,Pune,Maharashtra
1879,Aadi Seshadri,Male,53,Kolkata,West Bengal
1880,Faraj Yogi,Female,21,Delhi,Delhi
1881,Tristan Bail,Male,65,Delhi,Delhi
1882,Samar Bir,Female,18,Ahmedabad,Gujarat
1883,Vrinda Doctor,Male,37,Hyderabad,Telangana
1884,Rudra Rajagopalan,Male,30,Pune,Maharashtra
1885,Ishaan Bhasin,Female,23,Jaipur,Rajasthan
1886,Joshua Tara,Male,29,Chennai,Tamil Nadu
1887,Tanish Menon,Male,32,Kolkata,West Bengal
1888,Yachana Contractor,Female,39,Jaipur,Rajasthan
1889,Nihal Ranganathan,Male,48,Delhi,Delhi
1890,Bishakha Bath,Female,49,Mumbai,Maharashtra
1891,Wahab Rege,Male,43,Ahmedabad,Gujarat
1892,Netra Ganesh,Male,65,Jaipur,Rajasthan
1893,Adweta Dhingra,Female,30,Delhi,Delhi
1894,Ranveer Pandit,Male,51,Ahmedabad,Gujarat
1895,Jyoti Dora,Male,36,Kolkata,West Bengal
1896,Ati Naik,Female,63,Lucknow,Uttar Pradesh
1897,Harish Gulati,Male,50,Jaipur,Rajasthan
1898,Victor Rai,Female,64,Bengaluru,Karnataka
1899,Nirja Lalla,Female,30,Lucknow,Uttar Pradesh
1900,Orinder Mangat,Male,64,Delhi,Delhi
1901,Damini Sood,Female,32,Delhi,Delhi
1902,Vrishti Subramanian,Female,28,Ahmedabad,Gujarat
1903,Jeet Setty,Female,51,Lucknow,Uttar Pradesh
1904,Gavin Iyer,Female,54,Bengaluru,Karnataka
1905,Girish Brahmbhatt,Male,42,Pune,Maharashtra
1906,Vrinda Kothari,Male,27,Mumbai,Maharashtra
1907,Saksham Raval,Male,28,Lucknow,Uttar Pradesh
1908,Gauri Jain,Female,49,Hyderabad,Telangana
1909,Sanya Date,Female,30,Kolkata,West Bengal
1910,Edhitha Nagarajan,Female,50,Jaipur,Rajasthan
1911,Yashoda Narayanan,Male,59,Jaipur,Rajasthan
1912,Nimrat Ramaswamy,Female,46,Ahmedabad,Gujarat
1913,Umang Rao,Female,55,Chennai,Tamil Nadu
1914,Pushti Kala,Male,63,Lucknow,Uttar Pradesh
1915,Maya Patla,Female,29,Lucknow,Uttar Pradesh
1916,Kala Dayal,Male,21,Ahmedabad,Gujarat
1917,Hemangini Brar,Male,18,Kolkata,West Bengal
1918,Ekapad Sarraf,Male,40,Jaipur,Rajasthan
1919,Zehaan Baria,Female,28,Bengaluru,Karnataka
1920,Vrinda Chacko,Female,59,Mumbai,Maharashtra
1921,Aayush Dave,Female,26,Pune,Maharashtra
1922,Diya Nazareth,Female,26,Chennai,Tamil Nadu
1923,Raagini Bhargava,Male,58,Bengaluru,Karnataka
1924,Logan Subramaniam,Female,64,Chennai,Tamil Nadu
1925,Zehaan Varghese,Female,61,Delhi,Delhi
1926,Edhitha Contractor,Female,22,Ahmedabad,Gujarat
1927,Ucchal Anne,Female,19,Ahmedabad,Gujarat
1928,Zarna Menon,Male,51,Pune,Maharashtra
1929,Vaishnavi Magar,Male,30,Kolkata,West Bengal
1930,Sai Tank,Female,58,Kolkata,West Bengal
1931,Aryan Bora,Male,37,Chennai,Tamil Nadu
1932,Tristan Loyal,Male,40,Kolkata,West Bengal
1933,Samesh Yogi,Female,64,Pune,Maharashtra
1934,Sudiksha Bandi,Male,60,Jaipur,Rajasthan
1935,Dhruv Kakar,Male,59,Lucknow,Uttar Pradesh
1936,Guneet Vig,Male,38,Chennai,Tamil Nadu
1937,Aradhana Srivastava,Male,22,Mumbai,Maharashtra
1938,Patrick Barad,Male,49,Hyderabad,Telangana
1939,Bhavya Bains,Male,57,Lucknow,Uttar Pradesh
1940,Aarush Deo,Female,51,Ahmedabad,Gujarat
1941,Isaiah Sanghvi,Male,48,Bengaluru,Karnataka
1942,Sanaya Dora,Male,20,Pune,Maharashtra
1943,Edhitha Sani,Female,49,Jaipur,Rajasthan
1944,Xavier Barman,Male,54,Ahmedabad,Gujarat
1945,Jagrati Kumar,Female,50,Hyderabad,Telangana
1946,Robert D’Alia,Female,27,Ahmedabad,Gujarat
1947,Omaja Parekh,Female,43,Chennai,Tamil Nadu
1948,Chasmum Dutta,Female,39,Pune,Maharashtra
1949,Advik Parsa,Female,49,Chennai,Tamil Nadu
1950,Raghav Kant,Male,56,Mumbai,Maharashtra
1951,Daksh Dhaliwal,Male,46,Lucknow,Uttar Pradesh
1952,Libni Pingle,Female,44,Lucknow,Uttar Pradesh
1953,Falguni Kadakia,Female,30,Hyderabad,Telangana
1954,Champak Walia,Male,50,Mumbai,Maharashtra
1955,Jairaj Ramesh,Male,38,Lucknow,Uttar Pradesh
1956,Darpan Solanki,Male,27,Pune,Maharashtra
1957,Zilmil Nagy,Female,51,Mumbai,Maharashtra
1958,Matthew Nath,Female,18,Lucknow,Uttar Pradesh
1959,Dipta Sankaran,Male,55,Chennai,Tamil Nadu
1960,Aadhya Sandhu,Male,55,Bengaluru,Karnataka
1961,Jacob Kibe,Male,49,Chennai,Tamil Nadu
1962,Ira Chakrabarti,Female,31,Jaipur,Rajasthan
1963,Daksha Mohan,Female,47,Jaipur,Rajasthan
1964,Chanakya Kade,Male,62,Bengaluru,Karnataka
1965,Vamakshi Sekhon,Male,26,Pune,Maharashtra
1966,Harshil Mani,Female,28,Pune,Maharashtra
1967,Caleb Sane,Male,57,Ahmedabad,Gujarat
1968,Rushil Srinivas,Male,38,Mumbai,Maharashtra
1969,Inaya Patil,Male,54,Jaipur,Rajasthan
1970,Aarush Memon,Male,30,Pune,Maharashtra
1971,Harshil Ramakrishnan,Female,39,Ahmedabad,Gujarat
1972,Ekta Choudhury,Male,26,Bengaluru,Karnataka
1973,Ikshita Sama,Female,54,Hyderabad,Telangana
1974,Arin Vaidya,Female,44,Chennai,Tamil Nadu
1975,Warjas Choudhary,Male,50,Bengaluru,Karnataka
1976,Hema Doshi,Female,39,Delhi,Delhi
1977,Harinakshi Pillai,Male,43,Hyderabad,Telangana
1978,Parth Dave,Male,55,Pune,Maharashtra
1979,Ekantika Goda,Male,59,Delhi,Delhi
1980,Yatin Anne,Male,53,Delhi,Delhi
1981,Xalak Vora,Female,49,Ahmedabad,Gujarat
1982,Amrita Kothari,Female,51,Hyderabad,Telangana
1983,Vaishnavi Apte,Female,63,Jaipur,Rajasthan
1984,Vedant Mohanty,Male,35,Hyderabad,Telangana
1985,Alka Konda,Female,54,Lucknow,Uttar Pradesh
1986,Chatura Barman,Male,33,Ahmedabad,Gujarat
1987,Advaith Sahni,Male,31,Chennai,Tamil Nadu
1988,Gaurangi Sem,Female,33,Lucknow,Uttar Pradesh
1989,Hamsini Upadhyay,Female,54,Jaipur,Rajasthan
1990,Upasna Golla,Male,18,Hyderabad,Telangana
1991,Ekalinga Dugar,Female,43,Hyderabad,Telangana
1992,Vedhika Thakur,Male,55,Jaipur,Rajasthan
1993,Siddharth Rattan,Male,27,Bengaluru,Karnataka
1994,Tarak Ramaswamy,Male,21,Chennai,Tamil Nadu
1995,Aashi Kade,Male,51,Bengaluru,Karnataka
1996,Sarthak Suresh,Female,32,Delhi,Delhi
1997,Ryan Chanda,Female,47,Ahmedabad,Gujarat
1998,Yashawini Khalsa,Male,53,Hyderabad,Telangana
1999,Chasmum Khosla,Male,65,Ahmedabad,Gujarat
2000,Udarsh Puri,Female,19,Pune,Maharashtra
